label,n,dec_acc,accept_f1,false_pass,json_err,rel_prec,rel_recall,rel_f1,ans_prec,ans_recall,ans_f1,qual_prec,qual_recall,qual_f1
p0_norule,68,0.7647058823529411,0.6666666666666667,0.21739130434782608,0.0,0.9318181818181818,0.8367346938775511,0.8817204301075268,0.6222222222222222,1.0,0.7671232876712328,0.9696969696969697,0.9696969696969697,0.9696969696969697
p1_rule,68,0.3235294117647059,0.0,0.021739130434782608,0.0,0.7580645161290323,0.9591836734693877,0.8468468468468467,0.56,1.0,0.717948717948718,1.0,0.015151515151515152,0.02985074626865672
p2_role,68,0.39705882352941174,0.08333333333333334,0.021739130434782608,0.0,0.7580645161290323,0.9591836734693877,0.8468468468468467,0.6086956521739131,1.0,0.7567567567567568,1.0,0.07575757575757576,0.14084507042253522
p3_fewshot,68,0.38235294117647056,0.29787234042553196,0.391304347826087,0.0,0.7384615384615385,0.9795918367346939,0.8421052631578948,0.5490196078431373,1.0,0.7088607594936709,0.95,0.5757575757575758,0.7169811320754716
p4_zscot,68,0.6617647058823529,0.6666666666666666,0.34782608695652173,0.0,0.7619047619047619,0.9795918367346939,0.8571428571428572,0.6222222222222222,1.0,0.7671232876712328,0.9672131147540983,0.8939393939393939,0.9291338582677166
p5_fewshotcot,68,0.6764705882352942,0.6666666666666667,0.43478260869565216,0.0,0.7272727272727273,0.9795918367346939,0.8347826086956521,0.6363636363636364,1.0,0.7777777777777778,0.9701492537313433,0.9848484848484849,0.9774436090225564
p6_rolefewshot,68,0.47058823529411764,0.3846153846153846,0.43478260869565216,0.0,0.7666666666666667,0.9387755102040817,0.8440366972477065,0.56,1.0,0.717948717948718,0.9583333333333334,0.696969696969697,0.8070175438596493
p7_rolecot,68,0.7205882352941176,0.64,0.2608695652173913,0.0,0.7704918032786885,0.9591836734693877,0.8545454545454545,0.7105263157894737,0.9642857142857143,0.8181818181818182,0.9830508474576272,0.8787878787878788,0.9279999999999999
p8_rawcot,68,0.6176470588235294,0.6071428571428571,0.3695652173913043,0.0,0.7741935483870968,0.9795918367346939,0.8648648648648648,0.5957446808510638,1.0,0.7466666666666666,0.9661016949152542,0.8636363636363636,0.912
