label,n,dec_acc,accept_f1,false_pass,json_err,rel_prec,rel_recall,rel_f1,ans_prec,ans_recall,ans_f1,qual_prec,qual_recall,qual_f1
p1,68,0.5588235294117647,0.5384615384615385,0.34782608695652173,0.0,0.746031746031746,0.9591836734693877,0.8392857142857143,0.627906976744186,0.9642857142857143,0.7605633802816901,0.9591836734693877,0.7121212121212122,0.817391304347826
p2_role,68,0.5441176470588235,0.5106382978723404,0.2826086956521739,0.0,0.7313432835820896,1.0,0.8448275862068965,0.6341463414634146,0.9285714285714286,0.7536231884057972,0.9607843137254902,0.7424242424242424,0.8376068376068376
p3_fewshot,68,0.47058823529411764,0.5283018867924528,0.3695652173913043,0.0,0.7619047619047619,0.9795918367346939,0.8571428571428572,0.5384615384615384,1.0,0.7000000000000001,0.9574468085106383,0.6818181818181818,0.7964601769911505
p4_zscot,68,0.7794117647058824,0.7368421052631579,0.30434782608695654,0.0,0.7619047619047619,0.9795918367346939,0.8571428571428572,0.7297297297297297,0.9642857142857143,0.8307692307692307,0.9705882352941176,1.0,0.9850746268656716
p5_fewshotcot,68,0.5882352941176471,0.5483870967741935,0.5,0.0,0.7543859649122807,0.8775510204081632,0.8113207547169812,0.5454545454545454,0.8571428571428571,0.6666666666666665,0.9692307692307692,0.9545454545454546,0.9618320610687022
