label,n,dec_acc,accept_f1,false_pass,json_err,rel_prec,rel_recall,rel_f1,ans_prec,ans_recall,ans_f1,qual_prec,qual_recall,qual_f1
p0_norule,55,0.6181818181818182,0.6153846153846154,0.4722222222222222,0.0,0.7692307692307693,0.9523809523809523,0.8510638297872339,0.7027027027027027,0.9285714285714286,0.7999999999999999,0.9629629629629629,0.9811320754716981,0.9719626168224299
p1_rule,55,0.7090909090909091,0.7058823529411765,0.3888888888888889,0.0,0.8541666666666666,0.9761904761904762,0.9111111111111111,0.7368421052631579,1.0,0.8484848484848484,0.9629629629629629,0.9811320754716981,0.9719626168224299
p2_role,55,0.6727272727272727,0.6382978723404255,0.3611111111111111,0.0,0.8333333333333334,0.9523809523809523,0.888888888888889,0.7575757575757576,0.8928571428571429,0.819672131147541,0.9607843137254902,0.9245283018867925,0.9423076923076923
p3_fewshot,55,0.6181818181818182,0.6296296296296297,0.5,0.0,0.82,0.9761904761904762,0.8913043478260869,0.6842105263157895,0.9285714285714286,0.7878787878787878,0.9629629629629629,0.9811320754716981,0.9719626168224299
