{
  "nemotron_omni": {
    "caption": {
      "n_items": 100,
      "n_errors": 6,
      "dimensions": {
        "faithfulness": {
          "mean": 3.265957446808511,
          "n": 94
        },
        "hallucination": {
          "mean": 3.5425531914893615,
          "n": 94
        },
        "coverage": {
          "mean": 3.4574468085106385,
          "n": 94
        },
        "fluency": {
          "mean": 4.75531914893617,
          "n": 94
        },
        "emotion_leakage_ok": {
          "mean": 0.723404255319149,
          "n": 94
        }
      },
      "combined_score": 3.624468085106383
    },
    "event": {
      "n_items": 50,
      "n_errors": 1,
      "dimensions": {
        "cue_sufficiency": {
          "mean": 3.693877551020408,
          "n": 49
        },
        "cue_grounded": {
          "mean": 3.938775510204082,
          "n": 49
        },
        "label_agreement": {
          "mean": 0.6326530612244898,
          "n": 49
        }
      }
    }
  },
  "qwen3_omni": {
    "caption": {
      "n_items": 100,
      "n_errors": 5,
      "dimensions": {
        "faithfulness": {
          "mean": 3.8526315789473684,
          "n": 95
        },
        "hallucination": {
          "mean": 4.021052631578947,
          "n": 95
        },
        "coverage": {
          "mean": 3.7263157894736842,
          "n": 95
        },
        "fluency": {
          "mean": 4.726315789473684,
          "n": 95
        },
        "emotion_leakage_ok": {
          "mean": 0.42105263157894735,
          "n": 95
        }
      },
      "combined_score": 4.017368421052633
    },
    "event": {
      "n_items": 50,
      "n_errors": 5,
      "dimensions": {
        "cue_sufficiency": {
          "mean": 3.7777777777777777,
          "n": 45
        },
        "cue_grounded": {
          "mean": 4.088888888888889,
          "n": 45
        },
        "label_agreement": {
          "mean": 0.5777777777777777,
          "n": 45
        }
      }
    }
  },
  "timechat": {
    "caption": {
      "n_items": 100,
      "n_errors": 5,
      "dimensions": {
        "faithfulness": {
          "mean": 3.263157894736842,
          "n": 95
        },
        "hallucination": {
          "mean": 3.5473684210526315,
          "n": 95
        },
        "coverage": {
          "mean": 2.536842105263158,
          "n": 95
        },
        "fluency": {
          "mean": 3.0,
          "n": 95
        },
        "emotion_leakage_ok": {
          "mean": 0.14736842105263157,
          "n": 95
        }
      },
      "combined_score": 3.1778947368421053
    },
    "event": {
      "n_items": 50,
      "n_errors": 1,
      "dimensions": {
        "cue_sufficiency": {
          "mean": 3.9591836734693877,
          "n": 49
        },
        "cue_grounded": {
          "mean": 3.7551020408163267,
          "n": 49
        },
        "label_agreement": {
          "mean": 0.5306122448979592,
          "n": 49
        }
      }
    }
  }
}