label,n,dec_acc,accept_f1,false_pass,json_err,rel_prec,rel_recall,rel_f1,ans_prec,ans_recall,ans_f1,qual_prec,qual_recall,qual_f1
p0_norule,68,0.7647058823529411,0.6666666666666667,0.21739130434782608,0.0,0.9318181818181818,0.8367346938775511,0.8817204301075268,0.6222222222222222,1.0,0.7671232876712328,0.9696969696969697,0.9696969696969697,0.9696969696969697
p1_rule,68,0.5735294117647058,0.5714285714285715,0.5,0.0,0.7258064516129032,0.9183673469387755,0.8108108108108109,0.5833333333333334,1.0,0.7368421052631579,0.9682539682539683,0.9242424242424242,0.9457364341085271
p2_role,68,0.5294117647058824,0.47058823529411764,0.3695652173913043,0.0,0.7457627118644068,0.8979591836734694,0.8148148148148148,0.5957446808510638,1.0,0.7466666666666666,0.9591836734693877,0.7121212121212122,0.817391304347826
p3_fewshot,68,0.35294117647058826,0.18604651162790697,0.3695652173913043,0.0,0.7377049180327869,0.9183673469387755,0.8181818181818182,0.5490196078431373,1.0,0.7088607594936709,0.9655172413793104,0.42424242424242425,0.5894736842105264
p4_zscot,68,0.6323529411764706,0.6,0.43478260869565216,0.0,0.7333333333333333,0.8979591836734694,0.8073394495412844,0.6222222222222222,1.0,0.7671232876712328,0.9701492537313433,0.9848484848484849,0.9774436090225564
p5_fewshotcot,68,0.6911764705882353,0.6551724137931034,0.3695652173913043,0.0,0.7377049180327869,0.9183673469387755,0.8181818181818182,0.6666666666666666,1.0,0.8,0.9701492537313433,0.9848484848484849,0.9774436090225564
p6_rolefewshot,68,0.38235294117647056,0.14285714285714282,0.3695652173913043,0.0,0.7586206896551724,0.8979591836734694,0.822429906542056,0.5714285714285714,1.0,0.7272727272727273,0.9354838709677419,0.4393939393939394,0.5979381443298969
p7_rolecot,68,0.7647058823529411,0.7169811320754716,0.2608695652173913,0.0,0.7258064516129032,0.9183673469387755,0.8108108108108109,0.75,0.9642857142857143,0.8437499999999999,0.9701492537313433,0.9848484848484849,0.9774436090225564
p8_rawcot,68,0.5882352941176471,0.5714285714285715,0.5,0.0,0.7377049180327869,0.9183673469387755,0.8181818181818182,0.574468085106383,0.9642857142857143,0.7200000000000001,0.9701492537313433,0.9848484848484849,0.9774436090225564
